"","bx1....rep.0..times...100.","bx2....rep.0..times...100.","bx3....rep.0..times...100.","bz1....rep.0..times...100.","mod1_est.bx1....rep.0..times...100.","mod1_est.bx2....rep.0..times...100.","mod1_est.bx3....rep.0..times...100.","mod1_est.bz1....rep.0..times...100.","mod2_est.bx1....rep.0..times...100.","mod2_est.bx2....rep.0..times...100.","mod2_est.bx3....rep.0..times...100.","mod2_est.bz1....rep.0..times...100.","mod3_est.bx1....rep.0..times...100.","mod3_est.bx3....rep.0..times...100.","mod3_est.bx3....rep.0..times...100..1","mod3_est.bz1....rep.0..times...100.","mod4_est.bx1....rep.0..times...100.","mod4_est.bx2....rep.0..times...100.","mod4_est.bx3....rep.0..times...100.","mod4_est.bz1....rep.0..times...100.","mod5_est.bx1....rep.0..times...100.","mod5_est.bx2....rep.0..times...100.","mod5_est.bx3....rep.0..times...100.","mod5_est.bz1....rep.0..times...100.","bx1","bx2","bx3","bz1","mod1_est.bx1","mod1_est.bx2","mod1_est.bx3","mod1_est.bz1","mod2_est.bx1","mod2_est.bx2","mod2_est.bx3","mod2_est.bz1","mod3_est.bx1","mod3_est.bx2","mod3_est.bx3","mod3_est.bz1","mod4_est.bx1","mod4_est.bx2","mod4_est.bx3","mod4_est.bz1","mod5_est.bx1","mod5_est.bx2","mod5_est.bx3","mod5_est.bz1"
"1",0,0,0,0,0,0,0,0,0,0,0,0,0,0,0,0,0,0,0,0,0,0,0,0,0.249949282028528,0.0394917232775871,0.250159299909769,0.740645540215928,0.728974378997115,0.176736543134247,0.0297320734451976,0.156150841244397,0.462794377161943,0.0511528611685883,0.208897095022041,0.69244003868787,0.461965516841801,0.0513137007748363,0.20984297790335,0.694805059068883,0.258796550113682,0.0406938230909299,0.250820401438768,0.722866798863269,0.262439259242102,0.0401483225638111,0.172123201007938,0.710544010439175
"2",0,0,0,0,0,0,0,0,0,0,0,0,0,0,0,0,0,0,0,0,0,0,0,0,0.107116706133113,0.0833589099643778,0.0468085457444873,0.770573420248269,0.763387278983985,0.0600258487479217,0.0386544765682906,0.0337021045246003,0.0521859606275596,0.0791942427334357,0.0362044177121031,0.263650329171363,0.0524239294218043,0.081356924830479,0.036770111557673,0.259614530496079,0.0526441007411515,0.0452253048958007,0.0662764709879293,0.576446353585366,0.0550518249219222,0.0572498612434309,0.0486368549600653,0.688522436317846
"3",0,0,0,0,0,0,0,0,0,0,0,0,0,0,0,0,0,0,0,0,0,0,0,0,0.0416488336773566,0.0682921930239091,0.0833013702597318,0.745610432282575,0.776987419222548,0.0287707455772257,0.0435614283513807,0.0487727223355927,0.0600437620232219,0.0735468342466149,0.0691482258004463,0.857079773033464,0.0594311918111806,0.0738340899243886,0.0685854680834136,0.841777076880375,0.0425698661199655,0.0703192048508531,0.0736272172210491,0.932082753542668,0.040169303238606,0.0984588198134394,0.077918168854827,0.822175075861612
"4",0,0,0,0,0,0,0,0,0,0,0,0,0,0,0,0,0,0,0,0,0,0,0,0,0.187478097417819,0.0937986481948489,0.094037105393116,0.716862074580687,0.739628329922445,0.125017749496095,0.0481080279655025,0.0695717769189729,0.0951637930886395,0.106540712436638,0.0959973133823296,0.844797634447894,0.0957494218750071,0.105686115867736,0.0963158378215184,0.854918235099593,0.124735556762974,0.0289433459101119,0.134501586819243,1.17605121516913,0.152786621005675,0.0384430358713854,0.119214917586603,0.861486088362337
"5",0,0,0,0,0,0,0,0,0,0,0,0,0,0,0,0,0,0,0,0,0,0,0,0,0.0832449696654451,0.0375346845703862,0.0502026065059292,0.771707170926117,0.768076837050422,0.0605922538791715,0.0250343885822598,0.0415284703657272,0.156767768801162,0.068444022988599,0.074206021550378,0.755033331726525,0.157758970359223,0.0692285297203418,0.0746980339105704,0.770986311354328,0.101664675279767,0.0258325648778956,0.049034190902937,0.721791120407574,0.102430353230709,0.0279817113818664,0.0487025250104497,0.766956863279291
"6",0,0,0,0,0,0,0,0,0,0,0,0,0,0,0,0,0,0,0,0,0,0,0,0,0.0577263745502692,0.107216803840691,0.0440611219767724,0.754813958635615,0.725712630776282,0.0289316407484097,0.0588448814732077,0.032522640003116,-0.00591989596301515,0.0823455310366666,0.0562821318120258,1.00785365688156,-0.00787654125039763,0.0821367297300339,0.0556910922845116,1.00340557318769,0.0581546820713747,0.054450063421208,0.0531472610724734,0.775911892827261,0.040247977591771,0.0721794563561888,0.0495559297371082,0.725349009391921
"7",0,0,0,0,0,0,0,0,0,0,0,0,0,0,0,0,0,0,0,0,0,0,0,0,0.249896654756337,0.150015343927455,0.0374523657743756,0.741851030377899,0.790231424835989,0.115162343951353,0.11145181299232,0.0176569791918789,0.22418056060894,0.214440598492272,0.0613031900211318,0.861420202673001,0.217098997786199,0.213969486718862,0.0611690364884185,0.86548745110873,0.378014028272422,0.182390021396512,0.0359346565733175,0.866737532851309,0.31046726336452,0.188163819476127,0.0399990509226879,0.818050661958571
"8",0,0,0,0,0,0,0,0,0,0,0,0,0,0,0,0,0,0,0,0,0,0,0,0,0.374939694152237,0.0441647219370426,0.187623719195622,0.755622776303157,0.759479001735862,0.289680820274861,0.026059994529987,0.074922047766635,0.338223178055727,0.0309961865732996,0.245043468770211,1.27151880438064,0.332857762880226,0.0295812713689867,0.23462666968289,1.27574705592159,0.265929572032601,0.0219598085852697,0.154766773137674,0.617738346351786,0.264838716471137,0.0473466901173239,0.234777910408566,0.799520120054765
"9",0,0,0,0,0,0,0,0,0,0,0,0,0,0,0,0,0,0,0,0,0,0,0,0,0.0416955174020826,0.187409367579035,0.751258051213194,0.7660998552822,0.769255693493509,0.0229427721792009,0.143240846793489,0.410421367459043,0.0689242371408635,0.147629729104054,0.14015052977071,0.133986350744346,0.068374962127197,0.147573575633935,0.132054205202978,0.141952384709892,0.0593129080682534,0.179370355346156,0.215755400625884,0.587978144197374,0.0630668155615694,0.177591656919866,0.389207644119312,0.778505129416619
"10",0,0,0,0,0,0,0,0,0,0,0,0,0,0,0,0,0,0,0,0,0,0,0,0,0.0535926476035165,0.150036874558301,0.062562054402614,0.75680697762609,0.707613548326612,0.0372851957078439,0.0898634763289185,0.0423780490525143,0.0736691347149356,0.124199028559591,0.0441689481993617,0.740085615985997,0.0736985037102159,0.122996221051566,0.0455116261843691,0.749692665807607,0.0658788006933119,0.121534085051994,0.0566231950546747,0.746291296752146,0.0689770578237554,0.134267237116901,0.0564946125531837,0.679521353918569
"11",0,0,0,0,0,0,0,0,0,0,0,0,0,0,0,0,0,0,0,0,0,0,0,0,0.0576333801814167,0.0374838820315203,0.068168489250188,0.762480965847292,0.775064192494776,0.0373371939866496,0.0206127826053603,0.0453290921649672,0.0533981869124089,0.0391589564332753,0.0686134375783529,0.780458577135821,0.0532154009049855,0.0394659191953918,0.0687041251190452,0.788174903297876,0.0424842481875786,0.0527529011317095,0.0525159588732884,0.88056063704581,0.0513269641302986,0.0563477849069958,0.0504509909171144,0.819729041923105
"12",0,0,0,0,0,0,0,0,0,0,0,0,0,0,0,0,0,0,0,0,0,0,0,0,0.0375387481321487,0.0750161266409168,0.049980636766089,0.771626010871006,0.787593854383346,0.0278568890781971,0.0567390964895245,0.0201310941651936,0.0353352486491744,0.0713646198378304,0.000249528596770861,0.845307179675841,0.0356950947036247,0.0700623354983284,0.00116300127369082,0.85079390881683,0.0630313544983891,0.0997345366858707,0.0140816516364633,0.665014272790147,0.0459325933879593,0.0774698980302467,0.020387374716441,0.79316214211
"13",0,0,0,0,0,0,0,0,0,0,0,0,0,0,0,0,0,0,0,0,0,0,0,0,0.374449130734755,0.18764360488846,0.149697492044387,0.765279510524779,0.815147072086941,0.282937598279488,0.132636601300161,0.107649323877686,0.450157115670842,0.29683144202406,0.0997324138119602,1.24434612890244,0.45328738005478,0.297477630924844,0.0974063232865843,1.25487204155881,0.558739642260125,0.267620281506036,0.144302723020419,0.890396895647195,0.507481216523691,0.188474197072408,0.120938670800184,0.834381678211123
"14",0,0,0,0,0,0,0,0,0,0,0,0,0,0,0,0,0,0,0,0,0,0,0,0,0.0500211940803114,0.0536802831006113,0.0500401222851378,0.769772015580845,0.780268865729996,0.0403994587713043,0.0342493226165604,0.0266503963738654,0.0714865222277892,0.0306646950131216,0.0638947381360795,0.586425240174196,0.0717298703402702,0.0302262086504277,0.0645788063558113,0.589131249780232,0.0761945396974061,0.035742435261255,0.0411062272894273,0.928517386125163,0.0576450502843468,0.0440959054266492,0.036298763951508,0.812653487639133
"15",0,0,0,0,0,0,0,0,0,0,0,0,0,0,0,0,0,0,0,0,0,0,0,0,0.057741846472325,0.107157715323584,0.249947978625689,0.73785046728972,0.73088404191893,0.0295740071695822,0.0513815302034571,0.129303075357502,0.0407951206134252,0.0661552236869534,0.297118583356978,0.742118235406353,0.0393030564267255,0.0657614562087525,0.288270674120501,0.757824397968771,0.0265785049573534,0.121886284616382,0.279502677439127,0.834055691803776,0.0148767238562928,0.101993461131857,0.223838220116475,0.74561776130892
"16",0,0,0,0,0,0,0,0,0,0,0,0,0,0,0,0,0,0,0,0,0,0,0,0,0.150368239159331,0.187474105193369,0.249321979001346,0.744620042587171,0.760515538373708,0.0962961361293287,0.094148450117924,0.170207870060377,0.150276913859645,0.121796551284094,0.236544968577984,0.747927872044303,0.147854690541706,0.11805741706956,0.238684820244407,0.74784401044591,0.154326031388856,0.17804842703076,0.239146836842255,0.733133669276659,0.163322641187524,0.202998427029536,0.27288352676792,0.76831839729704
"17",0,0,0,0,0,0,0,0,0,0,0,0,0,0,0,0,0,0,0,0,0,0,0,0,0.375653007749758,0.0374808102628064,0.0625297978908731,0.760327313769752,0.812869398430971,0.265048141844405,0.0284192452135312,0.039062882610781,-0.0126920920218792,0.0555676357554275,0.0392544957560845,0.972374578845719,-0.0162370706910569,0.0556034774109984,0.0396787363049599,0.978016625772355,0.30640724761095,0.0462746705580188,0.0319728198329925,0.828349365886241,0.35415343390593,0.0418201089033511,0.0497499328561914,0.899497077572194
"18",0,0,0,0,0,0,0,0,0,0,0,0,0,0,0,0,0,0,0,0,0,0,0,0,0.375066390846113,0.374700066519859,0.0393938163751789,0.748031263825395,0.687155431548642,0.22325186683226,0.213685827722727,0.0258365104689737,0.307363950022617,0.333726798448703,0.0469509322050299,0.484742963339466,0.307641311227106,0.339392634853263,0.0488457490491042,0.474747530726742,0.317866751529827,0.384026515632737,0.030030667230284,0.735653081724982,0.459663672305527,0.315521613665759,0.0345757375575149,0.680038274254129
"19",0,0,0,0,0,0,0,0,0,0,0,0,0,0,0,0,0,0,0,0,0,0,0,0,0.0442254314115654,0.187400821062274,0.0395615803718331,0.725461746473124,0.692897214723981,0.0295002145330099,0.0531657555242764,0.0269625293060814,0.0486359596048164,0.289307908602199,0.0547361162183304,0.295402360409393,0.0484470220043111,0.290621751866096,0.0552779260503261,0.288967500357442,0.0370490881564131,0.348703001589209,0.0419639430459043,0.702638243416566,0.0417346025536813,0.259788463755145,0.0343502614428147,0.733361094114959
"20",0,0,0,0,0,0,0,0,0,0,0,0,0,0,0,0,0,0,0,0,0,0,0,0,0.0375247510831205,0.149803273658475,0.0534623044769408,0.756248692058177,0.739453389018461,0.022145779802081,0.106512981135737,0.0386025722028334,0.0401028962999956,0.172285729891342,0.0466623461653551,0.747211918458661,0.0400444019344899,0.172898456032977,0.0464656703424302,0.743360431916261,0.0346548005339205,0.219301512055319,0.0369527058771891,0.872406918720223,0.0409022023755144,0.204220925845611,0.0432388803389963,0.776660234412843
"21",0,0,0,0,0,0,0,0,0,0,0,0,0,0,0,0,0,0,0,0,0,0,0,0,0.0395777487102344,0.187352975691135,0.107224778306886,0.750653420268675,0.755713207937,0.0303425994511439,0.115949327012057,0.0754573586432645,0.0482987749332419,0.138999197133292,0.103244342930362,0.694150925432687,0.0479813529608851,0.141358161965608,0.103528233232538,0.694443257676928,0.0266027102799397,0.222683507865395,0.109689759632659,0.544486450627937,0.0259317526899904,0.159244484582923,0.124692185050582,0.720736092421294
"22",0,0,0,0,0,0,0,0,0,0,0,0,0,0,0,0,0,0,0,0,0,0,0,0,0.0680675496302058,0.053623528590255,0.0749743927055304,0.735675917636526,0.718673994017941,0.0421447129555527,0.0425215679827035,0.0584516523798484,0.104189346176333,0.0370869560560405,0.0927706286819309,1.08804750421747,0.104787549131754,0.0373021020824143,0.0920813787466436,1.09235909791898,0.0955900443474386,0.0543660421752183,0.0579549900827628,0.955532039145313,0.0684089262970344,0.0576447111513535,0.0678473013197883,0.741136643150824
"23",0,0,0,0,0,0,0,0,0,0,0,0,0,0,0,0,0,0,0,0,0,0,0,0,0.0576806528327736,0.0440230050564459,0.0681868486547046,0.753579775850417,0.781285233614484,0.0397890872713439,0.0339281157405823,0.0422788142182483,0.0307575016173212,0.0215988359600687,0.133862130274881,1.25967999432216,0.030239937394191,0.0208638297198325,0.137413690120308,1.25335278678132,0.0547365318268847,0.0518587487793826,0.152906266151925,0.975436839124592,0.0552877574738121,0.0476802672431902,0.105109408435129,0.849092804614904
"24",0,0,0,0,0,0,0,0,0,0,0,0,0,0,0,0,0,0,0,0,0,0,0,0,0.0374256271771183,0.0748991592403796,0.0441192089886889,0.759798250564334,0.73311412402354,0.0254292190551293,0.0481638089159635,0.0220484098187001,0.0244059616916165,0.0466117830287491,0.0694898750583824,0.964998284676804,0.0248915119271407,0.0462639973623889,0.0691899036741548,0.967260971604582,0.0435237008169933,0.0623976017304133,0.0552334678710333,0.824737610872761,0.0364779101623564,0.0463915857334778,0.0540710746699753,0.813237401736912
"25",0,0,0,0,0,0,0,0,0,0,0,0,0,0,0,0,0,0,0,0,0,0,0,0,0.0624951900640113,0.0682930019173552,0.0681439370610723,0.758599485355332,0.713136418336818,0.0194615324321725,0.0384670773786995,0.0289141094266848,0.0554645490429406,0.0342841548011551,-0.0573807002639245,0.443258325158323,0.0531235571709747,0.0341884033077617,-0.0603701508026209,0.444303132722375,8.92184466799769e-05,0.0872016423406754,-0.00165965839250247,0.623409307283521,0.0545256249930401,0.0662087088723332,0.0376058660665936,0.750677522537296
"26",0,0,0,0,0,0,0,0,0,0,0,0,0,0,0,0,0,0,0,0,0,0,0,0,0.0441720586963891,0.0834407849972554,0.750479031837551,0.748529524100527,0.738415580301114,0.0296384271041087,0.0500054424803481,0.552601327242217,0.0884286475504674,0.146418213298594,0.905941407278378,1.16736787428038,0.0890549140903446,0.147508218157827,0.913820450995532,1.1757905874145,0.0637231614093716,0.0997032079407939,0.760993992503037,0.954402619857031,0.0485389122194092,0.112666287012408,0.719205402807325,0.735604943955416
"27",0,0,0,0,0,0,0,0,0,0,0,0,0,0,0,0,0,0,0,0,0,0,0,0,0.107132306344654,0.7505353337888,0.250232350034397,0.741897506925208,0.751455212764773,0.0639413013496703,0.503764006389629,0.184698858038739,-0.0143176161120793,0.750414911616845,0.185674221060884,0.496058151191076,-0.0168906914017612,0.762660075972155,0.18919078286435,0.489958047026028,0.0128853560313921,0.653566425188234,0.256320305079275,0.828629191595092,0.0028074014284968,0.658738893817817,0.245666527164814,0.792317134668968
"28",0,0,0,0,0,0,0,0,0,0,0,0,0,0,0,0,0,0,0,0,0,0,0,0,0.0832727625590345,0.250002269913569,0.093758272255806,0.7189368750897,0.695522949435148,0.060646725897143,0.16916053840264,0.0529736675773021,0.076217552334695,0.12965193543807,0.00880261508134925,0.844685850490797,0.0767013145747002,0.132830519428894,0.0115749510186017,0.851788990717212,0.0843864344466085,0.145190525786864,-0.00515708616918976,0.825852706088373,0.0949165978707387,0.0775021413559586,0.0155647083113232,0.683599073136972
"29",0,0,0,0,0,0,0,0,0,0,0,0,0,0,0,0,0,0,0,0,0,0,0,0,0.250044594857718,0.039489239712314,0.0498912181353396,0.727296306997268,0.725896038001,0.157130802405144,0.0277389671776032,0.040114182142422,0.388900609286845,0.0486848589994229,0.0405025162974612,0.918683893782601,0.388192958810157,0.0491331671291505,0.0401574816746567,0.926651579210728,0.454372919522406,0.0298963005154096,0.0460499654241156,0.601369351572467,0.431830612075111,0.0254326871233774,0.046666877418941,0.684467725319757
"30",0,0,0,0,0,0,0,0,0,0,0,0,0,0,0,0,0,0,0,0,0,0,0,0,0.150588836570837,0.0469466681295487,0.0749921686754778,0.745503648590642,0.708600685992462,0.106851752812379,0.0317015409448285,0.0474769185853496,0.116377530292631,0.0689563473849404,0.130984246108979,0.931506516760585,0.115044325644015,0.0693685382872479,0.130145561922189,0.919988717368497,0.160085446350447,0.0586654755359582,0.115309019142105,0.756205472165845,0.197601714106416,0.0437764890002107,0.130924425198016,0.753475549377239
"31",0,0,0,0,0,0,0,0,0,0,0,0,0,0,0,0,0,0,0,0,0,0,0,0,0.093696229105861,0.0682059753863203,0.250154283613186,0.752255624155383,0.725040839429634,0.0517727877452635,0.0292704917330556,0.162803131591441,0.106892110536984,0.0497009574412526,0.19010252905614,1.12035940583267,0.10577264135417,0.0510274045858281,0.183716478748093,1.11958734452575,0.0566485042729412,0.0446413702206243,0.239075595025669,0.644699727521159,0.100792786563899,0.0284071425541952,0.213152249930585,0.728220500704531
"32",0,0,0,0,0,0,0,0,0,0,0,0,0,0,0,0,0,0,0,0,0,0,0,0,0.039513088658872,0.124962550005246,0.250650611505694,0.752842615635459,0.725259590317851,0.0229642285935747,0.0888929111825856,0.143114839821149,0.0217965912061826,0.124528495858605,0.311267803240005,0.745572231330257,0.0213533024016359,0.126959716319844,0.309457878698354,0.738874819324794,0.0356474016947622,0.135495494461885,0.298334737371986,0.642153169614752,0.0273752798736729,0.116937836793447,0.253108231337058,0.723229092721176
"33",0,0,0,0,0,0,0,0,0,0,0,0,0,0,0,0,0,0,0,0,0,0,0,0,0.0535888397818588,0.0375259540764786,0.0624852827716058,0.752905962674109,0.752701845570624,0.0246409662995699,0.0205697926220635,0.0320140937088835,-0.00635656411643745,0.0981599495974475,0.0214858908053473,0.846695228823566,-0.00548761713999619,0.0979632235500089,0.0243003478302997,0.843053689210829,-0.00565533565113771,0.0592684985631931,0.0414714210839984,0.909495162990522,0.00876580517250143,0.0594987983050176,0.0350411776317816,0.74448421173025
"34",0,0,0,0,0,0,0,0,0,0,0,0,0,0,0,0,0,0,0,0,0,0,0,0,0.0468612774335012,0.0682779611045885,0.750863866697467,0.757298153914591,0.733769061922486,0.0295320367014983,0.0471751850285656,0.343486739400718,0.0912467462971125,0.0798775403710548,0.258126398500124,0.772887081882626,0.0900254469239669,0.078210687674859,0.269704341235051,0.774897028106896,0.059839527600047,0.0796924617162409,0.699905839341541,0.622191260951872,0.0531064713959155,0.0806567782453092,1.08413153692041,0.794286429397285
"35",0,0,0,0,0,0,0,0,0,0,0,0,0,0,0,0,0,0,0,0,0,0,0,0,0.0937469548568441,0.0394443985743505,0.0622760580950143,0.74368547078967,0.742058200585024,0.0514287843372313,0.0138258215292288,0.0445237601098462,0.0472728834681663,0.0412190838637535,0.0471682710614535,0.613420196570931,0.0465375658294116,0.0411693513875389,0.0462245128985612,0.630948418665327,0.0459767922097384,0.0408709916917714,0.0700967473309674,0.828676841427063,0.0361103168152924,0.0413404406634405,0.0625858436858167,0.732450920044398
"36",0,0,0,0,0,0,0,0,0,0,0,0,0,0,0,0,0,0,0,0,0,0,0,0,0.062599796428442,0.0750554522821927,0.749960367251738,0.766978262111517,0.785117842905757,0.0499553359432591,0.0405123885774648,0.383853238045699,0.0641035036239829,0.0391510277555316,0.886382324605045,0.81645321806497,0.0646491256133514,0.0366109750671212,0.860884378162905,0.816268738941742,0.0641712955142723,0.0762963127172598,1.02265751929761,0.680700869978175,0.0609980533014444,0.0962106081197189,0.831972924229355,0.795682687909069
"37",0,0,0,0,0,0,0,0,0,0,0,0,0,0,0,0,0,0,0,0,0,0,0,0,0.0468757297226835,0.0623053532135057,0.749650015064226,0.757175345043915,0.752794615666154,0.0217748559738678,0.0465080242732431,0.354740819103744,0.057326112645762,0.0793382364507771,0.194227964747423,0.70307708315238,0.0544168843505334,0.079463328361315,0.194485618923298,0.701818709560266,0.067652810281028,0.0843137897336,0.0524950230215373,0.880944671087104,0.0689161630786493,0.0770890772513686,0.0299215965463921,0.792663798773248
"38",0,0,0,0,0,0,0,0,0,0,0,0,0,0,0,0,0,0,0,0,0,0,0,0,0.187515255367799,0.149675362347604,0.375691676297439,0.745356514587284,0.734064762599124,0.106451302839028,0.0922682201039213,0.293949425051431,0.286712067124461,0.214899843896957,0.316129952133576,0.792975272557887,0.283433380327412,0.214678931327002,0.316235524911294,0.783971581787788,0.295511993277796,0.243366438163183,0.487282744010458,0.728414568441185,0.265166279554628,0.196245051159013,0.409512322205422,0.731722066110962
"39",0,0,0,0,0,0,0,0,0,0,0,0,0,0,0,0,0,0,0,0,0,0,0,0,0.0624793201521397,0.0374362805897121,0.107263993524222,0.776087555066079,0.77784183608976,0.0436784217379083,0.0299355241333791,0.0766475808626237,0.0640851350059636,0.0230167507651694,0.048488788763492,0.864501303492531,0.06409290641299,0.022260609343707,0.0485774418993521,0.861094095840549,0.0391908608079041,0.0328901119887009,0.0703868285052011,0.943344348076811,0.0530635317563837,0.0349111112841579,0.0784039268012986,0.769518567478853
"40",0,0,0,0,0,0,0,0,0,0,0,0,0,0,0,0,0,0,0,0,0,0,0,0,0.0535259855350182,0.039462845994985,0.37531751783599,0.743942421342939,0.773341755167594,0.0437420584733348,0.0219524662216238,0.171776712702326,0.0648639818503158,0.0298690850928423,-0.0209749009869591,1.06884923381934,0.0652528123832854,0.0301888684205742,-0.0318593914461741,1.05587323342147,0.0657202365751708,0.0408297751116671,0.216190057356182,0.775771364908643,0.0576614800052268,0.041752733564747,0.172799622140018,0.779470055656591
"41",0,0,0,0,0,0,0,0,0,0,0,0,0,0,0,0,0,0,0,0,0,0,0,0,0.0442084676324043,0.0375148221926679,0.0681431914549306,0.745524660790334,0.765976970511362,0.0317424852176777,0.0295264386960342,0.0418510882392679,0.0267119117662491,0.0251523209498735,0.0855552910069089,1.02354824806734,0.026936930766132,0.0252046041023851,0.0859819253615705,1.01703816501639,0.031052457966159,0.0324944460971954,0.116478648137269,0.86647380637999,0.0405586195122455,0.0370245499513725,0.110811363793026,0.782576045354506
"42",0,0,0,0,0,0,0,0,0,0,0,0,0,0,0,0,0,0,0,0,0,0,0,0,0.374835040044285,0.150014093525646,0.0535350363811284,0.738633288227334,0.726493758011863,0.218906355787617,0.100639215870579,0.0333314612570195,0.0314345837537636,0.228807901606768,0.0193493000013718,1.20726972281289,0.0307083717459197,0.230149928085699,0.0192208689142512,1.21502390561992,0.457348198762657,0.222782349525282,0.0275915131267365,0.952094251733682,0.386400534476804,0.201350997310485,0.0237814594819363,0.73926666770012
"43",0,0,0,0,0,0,0,0,0,0,0,0,0,0,0,0,0,0,0,0,0,0,0,0,0.0625070973035889,0.106841048109655,0.375989111555683,0.744514466155673,0.763835895337626,0.0274651952749456,0.0647268894152863,0.235923835569815,0.106452438952176,0.0247169533381516,0.362013215364285,1.44998916991799,0.106860036224652,0.0256766272706676,0.373075346797838,1.46880266261833,0.091732665073879,0.0403943682107781,0.320089500764729,0.981666879167404,0.0883274712897156,0.0265542678770263,0.336064818391648,0.741200907787235
"44",0,0,0,0,0,0,0,0,0,0,0,0,0,0,0,0,0,0,0,0,0,0,0,0,0.0934897592933897,0.0937527913490908,0.374808364408956,0.774756076686066,0.749901675214506,0.0559514672701912,0.0745253692896694,0.246728195068544,0.0891502600588715,0.124486147292959,0.562851544412551,0.462513205415736,0.0870328252009437,0.125566107591148,0.575919137845601,0.447112822879132,0.0536935405165171,0.0850910618085073,0.359051062677127,0.675632618812799,0.0686879661182004,0.093188281751185,0.424388335411083,0.78422821310375
"45",0,0,0,0,0,0,0,0,0,0,0,0,0,0,0,0,0,0,0,0,0,0,0,0,0.187186716208847,0.0577571881033185,0.0750626870035107,0.723320503848845,0.710059872582548,0.14271970278669,0.04624679822809,0.0541674090558774,0.231387779909993,0.046787844489185,0.109491034203893,0.414603389858873,0.23785112087919,0.0465815905443233,0.109429538582305,0.412877543834219,0.199987611787981,0.047451501432427,0.0871323309695835,0.897626141638597,0.185842814269091,0.0531740962570057,0.081982144917543,0.75445733244107
"46",0,0,0,0,0,0,0,0,0,0,0,0,0,0,0,0,0,0,0,0,0,0,0,0,0.149662495807285,0.0681023382290528,0.0624540318198971,0.774868731950643,0.762063066225816,0.112150401775758,0.0357620216519177,0.0477988571784542,0.182440531338731,0.0913966764176946,0.0885007613039484,0.872696831124403,0.184845776236343,0.0908238668702436,0.0887071775664097,0.87724106883309,0.233740288363862,0.0511597462150196,0.0814258797159082,0.694079419662058,0.238634289703898,0.0585441544427395,0.0719121091054456,0.763115108557335
"47",0,0,0,0,0,0,0,0,0,0,0,0,0,0,0,0,0,0,0,0,0,0,0,0,0.0468910225593965,0.0417513426384758,0.125309819158226,0.735466742896068,0.761005629594294,0.0300431585434937,0.0235577669851254,0.102147321170083,0.0273075227583854,0.0367932308836801,0.0911279204304146,0.629124780330761,0.0278575537768084,0.0363831032755793,0.091581765249519,0.623737233781352,0.0231827172806083,0.0245502825583182,0.138277308929192,0.803095049544462,0.0307721008652898,0.0334695322001806,0.100124616878506,0.747705586821496
"48",0,0,0,0,0,0,0,0,0,0,0,0,0,0,0,0,0,0,0,0,0,0,0,0,0.0375594165400232,0.0500160795691084,0.0625505420764591,0.769360513245033,0.738374022215146,0.0306764521897559,0.0356270401050964,0.0367686802567566,0.0356978282275693,0.0791659633470341,0.0756099367609176,0.730694739690589,0.0361648121372168,0.0797983096215879,0.0765050838746354,0.720464627962975,0.044100556933977,0.0756206048735447,0.0741963175241649,0.78058003846021,0.0381627692473813,0.0764219214223724,0.0739717103937202,0.74710324827156
"49",0,0,0,0,0,0,0,0,0,0,0,0,0,0,0,0,0,0,0,0,0,0,0,0,0.053554267445275,0.0535633702916971,0.374472959209826,0.734003607809847,0.757757464094142,0.0195348828992888,0.0363477970497326,0.282956087084286,0.125728150320462,0.0450546252399676,0.214860717007902,0.867056870862502,0.127312086760797,0.0438884171686889,0.214172549101724,0.894201712319887,0.114095059986837,0.0336630296630273,0.435520237121693,0.890722753690006,0.113318211757484,0.0565861098437941,0.420267076276161,0.81568626433606
"50",0,0,0,0,0,0,0,0,0,0,0,0,0,0,0,0,0,0,0,0,0,0,0,0,0.0681879137404413,0.041693643321166,0.0577173388741042,0.725834403080873,0.697520150959564,0.0447354673662149,0.0186531612024265,0.0256801880735679,0.0261186947621095,0.0331754539979687,0.10311228989041,0.411728804227963,0.0266823937760687,0.0326010617523898,0.10307014827657,0.40099002036794,0.0513999571646414,0.0397401148535543,0.155614177631027,0.67756249802156,0.0541078347214589,0.0372594819642533,0.153959478284421,0.735000001464124
"51",0,0,0,0,0,0,0,0,0,0,0,0,0,0,0,0,0,0,0,0,0,0,0,0,0.062475435243774,0.150029050303229,0.0500985213939224,0.736488689193786,0.726528072338212,0.0453307476629718,0.0906527058558298,0.0392933849155111,0.00303575398618223,0.0823323578524633,0.0644603437824123,0.841033456914741,0.00222629943172408,0.0844489834583863,0.0645418881061872,0.859204773008207,0.0650968438423733,0.135567270058518,0.0576531588016765,0.710213357226464,0.0560055702313446,0.142192427463856,0.0519196393034531,0.778993925325871
"52",0,0,0,0,0,0,0,0,0,0,0,0,0,0,0,0,0,0,0,0,0,0,0,0,0.749914464640913,0.149836673035427,0.0576712344548662,0.724954333787852,0.763327725101586,0.599668553020606,0.0948081871234176,0.0278135309734774,0.894890479480508,0.259785566613865,0.0548016593102432,1.17477571672951,0.889903442484543,0.254402178754729,0.0547766059879853,1.17052635509295,0.90804241510116,0.188869408585232,0.0672437767826131,0.706695613930695,0.901733765423455,0.131280635974922,0.0620137371880589,0.82789742729341
"53",0,0,0,0,0,0,0,0,0,0,0,0,0,0,0,0,0,0,0,0,0,0,0,0,0.375051560213311,0.375253135150387,0.057584207968479,0.744858879081373,0.754224702255399,0.220074333890224,0.235119037062184,0.042788677622739,0.486597083827642,0.265850216123916,0.059319429300231,0.728572491127649,0.49713195621271,0.25707304932067,0.0587222063608664,0.733481768792626,0.590805475576484,0.487808821332117,0.0638904661889475,1.03643321141249,0.331644661225432,0.501358251020465,0.0562223946459803,0.788458013772336
"54",0,0,0,0,0,0,0,0,0,0,0,0,0,0,0,0,0,0,0,0,0,0,0,0,0.0575994400175643,0.187703561949426,0.125071041365783,0.745296892341842,0.744291636600612,0.0407063164251355,0.106880241468951,0.100918549128881,0.0560077356251648,0.172820935380309,0.199855503174738,0.928827520406168,0.0556533885839049,0.170441041991169,0.197818156964863,0.927188955768469,0.0572532429767874,0.194539351730394,0.181539036682877,0.861433321858724,0.0574563560855324,0.159480789913683,0.149551346073383,0.72712920499899
"55",0,0,0,0,0,0,0,0,0,0,0,0,0,0,0,0,0,0,0,0,0,0,0,0,0.0394709370666592,0.0499164246370273,0.187553198783903,0.770303569949474,0.805259252654164,0.0311071376938449,0.0359610289580731,0.106151863056967,0.0334716810826545,0.0603377039546766,0.334402013925399,1.09784734294125,0.0322228931521236,0.0605001215345523,0.337720531982922,1.11983432019269,0.0451410255316408,0.0602195770826732,0.194629531628615,1.00242468528387,0.0455475087201445,0.0508889983711946,0.272641756917731,0.842861277078787
"56",0,0,0,0,0,0,0,0,0,0,0,0,0,0,0,0,0,0,0,0,0,0,0,0,0.0624859605128344,0.0375819615592762,0.0440822164008331,0.730601863201765,0.690544996981912,0.0250470306487584,0.0225707842061593,0.0248059535261876,0.0359003141293851,0.0460756684305562,0.0228802895997007,0.643120878231769,0.0366246347747784,0.0453389918573709,0.0218702575599309,0.627229469037093,0.0154292640778928,0.0374038255541533,0.0373366425733115,0.864536843921827,-0.0245195087790073,0.0342461936134886,0.0387268445463017,0.753126830102109
"57",0,0,0,0,0,0,0,0,0,0,0,0,0,0,0,0,0,0,0,0,0,0,0,0,0.0396254085274023,0.039471298950403,0.750074420207126,0.758210585195642,0.722112151321416,0.0314473335876783,0.0192376498708557,0.54424974122567,0.0533442058220589,0.064820118077816,0.979084475625579,0.824924951430239,0.0529653630653098,0.0648830423697928,0.982380632834993,0.827221792579981,0.0413184556709126,0.0614223412435847,0.620407776371641,0.685528526899211,0.0306409987081958,0.0634318489984625,0.795330394209605,0.75531912165639
"58",0,0,0,0,0,0,0,0,0,0,0,0,0,0,0,0,0,0,0,0,0,0,0,0,0.125039170583012,0.750246457117909,0.187502657851399,0.725490972442192,0.690489315856696,0.0400988020035855,0.381653314946465,0.136686658565656,0.0497177115081945,0.749757490378835,0.194043222414293,0.908612474802186,0.0440213353551968,0.75281065910342,0.194630032903223,0.912617734768296,0.192198558317916,0.961410942539557,0.222336786638613,0.620555840667951,0.212631959793956,1.21837020849329,0.188233523181501,0.715489655988128
"59",0,0,0,0,0,0,0,0,0,0,0,0,0,0,0,0,0,0,0,0,0,0,0,0,0.125179795532609,0.0441292959054605,0.149995792171565,0.726807192136272,0.752102349073898,0.0492721015543807,0.0352304456013003,0.108432220836781,0.0906621046622163,0.0198516161059011,0.227027921247833,0.815946509155764,0.0883124296914706,0.0202370006726928,0.227601543312738,0.822712884963058,0.121607254470744,0.0306215095208365,0.208939398777695,0.581504545618983,0.116010403404582,0.0220264677776237,0.210364125623788,0.764066938888007
"60",0,0,0,0,0,0,0,0,0,0,0,0,0,0,0,0,0,0,0,0,0,0,0,0,0.250166791693541,0.0375786573882823,0.0937632313671593,0.778230360290877,0.800571150320362,0.125949010957308,0.0303646334390144,0.0417034223150783,0.116421267290159,0.0445085722119318,0.142728594300069,0.771575637900348,0.113522138786232,0.044883666602131,0.144025519459424,0.783344606257961,0.153770033012843,0.0317180662613317,0.15799929480975,0.836767838379358,0.240216864777059,0.0336107329269459,0.141497623965769,0.822052205411851
"61",0,0,0,0,0,0,0,0,0,0,0,0,0,0,0,0,0,0,0,0,0,0,0,0,0.107116038678802,0.0577216246562655,0.149727802267733,0.748696911196911,0.796827298079704,0.0499060676071825,0.0408054570222776,0.107430356991317,0.0178408168468443,0.0403975284803634,0.132180589473214,0.915315206279748,0.0153690521559724,0.0398024282646007,0.135024301095524,0.915632275467953,0.0831592153407934,0.0779408825266137,0.127827209374032,0.826499891929428,0.0729279325864296,0.0707515132709482,0.121842845860832,0.85772706175996
"62",0,0,0,0,0,0,0,0,0,0,0,0,0,0,0,0,0,0,0,0,0,0,0,0,0.150027156512741,0.0468335201418698,0.0576211143107963,0.749009179559817,0.804701471166395,0.121918701924901,0.0328115226828185,0.034429358171103,0.140649212784926,0.0150653455343617,0.0396619832067662,1.21038142473119,0.140280456498139,0.0156382872970195,0.0402541551225427,1.22247830475744,0.111601662988733,0.0295252030282844,0.0423245472439567,0.883191434832846,0.148136392245453,0.0261714970654534,0.0474863589791949,0.811157670529108
"63",0,0,0,0,0,0,0,0,0,0,0,0,0,0,0,0,0,0,0,0,0,0,0,0,0.0441566890290314,0.0393851577392519,0.0499756780179163,0.745512651555087,0.716819210423082,0.018262988986098,0.0340602046977188,0.033108506835205,0.0119418947325474,0.0336148401084918,0.0548272518959615,0.804372952801595,0.0122560907589498,0.0341982407472188,0.0556386792454452,0.806493897193844,-0.000854111155103964,0.0355372908671793,0.0334912095629667,0.604772079054957,0.00144105908689706,0.0366098283092193,0.0400728603553394,0.690181752573924
"64",0,0,0,0,0,0,0,0,0,0,0,0,0,0,0,0,0,0,0,0,0,0,0,0,0.250351016301381,0.0417101231046833,0.0375648934436968,0.767619521912351,0.740359445510995,0.182995810751827,0.0226447960889072,0.0290360052631157,0.15373672014512,0.0382718672644402,0.0368359670902579,0.75188073151971,0.156972271740827,0.0379582825521085,0.0361384689735393,0.755087346505464,0.199291608033684,0.0569997757063216,0.0249894442016152,0.78140218149228,0.216045021592766,0.0430692052564704,0.0347800631676178,0.734152534493763
"65",0,0,0,0,0,0,0,0,0,0,0,0,0,0,0,0,0,0,0,0,0,0,0,0,0.0416048038528608,0.750425654075294,0.187596647856873,0.729082418012471,0.79124943400553,0.025450275592645,0.44872414751925,0.111004804086241,0.0582245266516141,0.350875238844757,0.117283531471887,0.99470840261422,0.0577433604022679,0.347622260150478,0.119923824367934,0.989537467726729,0.0617696008933485,0.290651037475382,0.25355336599113,0.707444731630054,0.0597948791605083,0.351542954072075,0.255878886148796,0.784016479337722
"66",0,0,0,0,0,0,0,0,0,0,0,0,0,0,0,0,0,0,0,0,0,0,0,0,0.0498811295727756,0.0681609330498521,0.0834195998398958,0.751463493956312,0.733915735943977,0.0336060858796224,0.0373022625674948,0.0663840376357967,0.0589336281936323,0.117554549817501,0.0492430516508386,0.362727440828956,0.0582947222811391,0.119121409228685,0.0487347822468223,0.362564038739864,0.0330821720388343,0.104631987609999,0.0635165606009294,0.693939483472041,0.0524663891703135,0.0684110323648745,0.0719112883193524,0.734633015426898
"67",0,0,0,0,0,0,0,0,0,0,0,0,0,0,0,0,0,0,0,0,0,0,0,0,0.0416537514523557,0.375522096204682,0.249722994991132,0.742561371063765,0.704638992739902,0.0236279251170081,0.287177850760749,0.172264602244991,0.0634866042951918,0.41541195288538,0.227385522939054,0.776925045210215,0.0648163735579288,0.413446871675277,0.224656970501783,0.781055332535712,0.0709706310709528,0.537313259165759,0.325217807237413,0.93315143568162,0.0775632860686398,0.462292831960735,0.261925541986588,0.741448785582982
"68",0,0,0,0,0,0,0,0,0,0,0,0,0,0,0,0,0,0,0,0,0,0,0,0,0.0751191046816138,0.0468895167840443,0.0625586621818589,0.743887468678023,0.690750190344321,0.0594335109121541,0.0363079940905765,0.0498287998798389,0.0523343324835531,0.0601215345716702,0.0783154974230359,0.52300246868134,0.0517297935521288,0.0599245648380084,0.0784497661355083,0.52110036935499,0.076573197281806,0.0627660942197006,0.0711510042958254,0.731653108916534,0.0642566948641582,0.054302456336317,0.0627742745078104,0.704716114076419
"69",0,0,0,0,0,0,0,0,0,0,0,0,0,0,0,0,0,0,0,0,0,0,0,0,0.0375558140473126,0.0499456004596555,0.107169209723708,0.790757202952615,0.763037906935089,0.0259769010294494,0.0313956702440513,0.0635201513173573,0.0305557345909861,0.0332731792976665,0.0726712646319221,0.840947188159328,0.0309302960295096,0.0342876569487576,0.0708797920018631,0.843109317785137,0.0331148195966473,0.0229357792181438,0.125931168007196,0.763369742605719,0.0401260937867047,0.0354802769192944,0.0899380291507483,0.784266213947508
"70",0,0,0,0,0,0,0,0,0,0,0,0,0,0,0,0,0,0,0,0,0,0,0,0,0.0416409956772958,0.0500008869077633,0.250177264439637,0.751615757482496,0.774633928006894,0.0169809471331292,0.0176479082891855,0.151204091129098,0.103060616470375,0.00732291236109443,0.18152405167499,0.687412565380939,0.103138705001889,0.00722316952601477,0.183630589268238,0.681865334155369,0.0752313055348981,0.0112745138802673,0.353336995108266,0.775203195915879,0.0869724345839392,0.016478439125707,0.318624574931167,0.752173919373041
"71",0,0,0,0,0,0,0,0,0,0,0,0,0,0,0,0,0,0,0,0,0,0,0,0,0.0937349062403257,0.124997471681135,0.374606716039516,0.75126343194058,0.771913275449335,0.0721307746087301,0.1040165716846,0.277217959613761,0.123796587641597,0.181575490098755,0.254661639715799,0.901619447105226,0.12525460281743,0.180278402222344,0.255462298737981,0.904851424770541,0.0911371114308153,0.135207320513781,0.288464430421515,0.842565749453116,0.093297275579335,0.129574379457064,0.252186592159858,0.746127198197186
"72",0,0,0,0,0,0,0,0,0,0,0,0,0,0,0,0,0,0,0,0,0,0,0,0,0.149983932626507,0.0682310374276043,0.0937525112075996,0.70846460280678,0.673966995499669,0.0643805418650301,0.0433813892494992,0.0730333091291993,0.124401946987538,0.0618731620328266,0.0907269112895254,0.328928754063147,0.128639036348632,0.0617265656862388,0.0917417411043335,0.334475455883274,0.123708157012741,0.0549337545181575,0.0922130654908549,0.570169212591694,0.107698311405487,0.0673183001602482,0.104139242164301,0.65995192142127
"73",0,0,0,0,0,0,0,0,0,0,0,0,0,0,0,0,0,0,0,0,0,0,0,0,0.149536576429958,0.37582182554626,0.0832692724639084,0.791860222531294,0.763319158436839,0.107119115985695,0.249639407844528,0.05309138341186,0.184680816348779,0.636079838078337,0.0815043577430326,1.00312181534158,0.184635167960176,0.650103429156229,0.0813685965216635,1.00071642000721,0.200282805378653,0.384933412702008,0.141653572575801,0.871058124401483,0.166380665294007,0.45989722037454,0.123149400715715,0.759143298387695
"74",0,0,0,0,0,0,0,0,0,0,0,0,0,0,0,0,0,0,0,0,0,0,0,0,0.0394812818172143,0.0500528441398132,0.0940400284710055,0.758691468446266,0.754892259201095,0.0186004398766368,0.0212321488494138,0.0731402113506581,0.100236655493113,0.0435058920747543,0.0788223523248773,0.84103955753713,0.10061589130074,0.041084120659823,0.0785228167738395,0.837180998303332,0.077812088849049,0.0368796053868345,0.100352200654798,0.841519633358583,0.061528937714809,0.022648099025647,0.110635598830884,0.783828945513518
"75",0,0,0,0,0,0,0,0,0,0,0,0,0,0,0,0,0,0,0,0,0,0,0,0,0.0469085560759506,0.0832510659651061,0.749441615160182,0.733469948985014,0.681270045097056,0.0229387107185465,0.033846309431917,0.269212073014737,0.0548177638663237,0.0440645639279694,0.494088973152257,0.878628914808329,0.054004582085493,0.0449185487758689,0.503553315154691,0.878342670372977,0.0292487827746776,0.057272463424641,0.47510864275075,0.768316045654628,0.0232892555906867,0.0603412482651572,0.775593496426675,0.645767507590432
"76",0,0,0,0,0,0,0,0,0,0,0,0,0,0,0,0,0,0,0,0,0,0,0,0,0.0374766372443599,0.0440428123249498,0.149942047960038,0.744001384295932,0.711104636695148,0.0207198977127841,0.031795852293601,0.0889985226007881,0.0455455302512294,0.0246709820583296,0.141977049743846,0.963540470180123,0.0442263663927414,0.025417717482942,0.143846464277303,0.948612054519253,0.0621926211965154,0.04864378189674,0.237258786303597,0.812617105996004,0.0350603294480463,0.0420373437373427,0.190645369103946,0.799694815217036
"77",0,0,0,0,0,0,0,0,0,0,0,0,0,0,0,0,0,0,0,0,0,0,0,0,0.106836731378974,0.0682284315284949,0.0623696673607085,0.723668303274037,0.740433849782865,0.083617475578751,0.0419668191753258,0.0419410054011959,0.131707034736412,0.0514473968662218,0.0862929337719155,1.08622540207049,0.13002918467312,0.0516495177745525,0.0848004555174519,1.09480914717414,0.149161319986005,0.0610455291581141,0.0704594399001042,0.722840635457447,0.12613929412995,0.0602542965518522,0.0562692955857073,0.742028114454099
"78",0,0,0,0,0,0,0,0,0,0,0,0,0,0,0,0,0,0,0,0,0,0,0,0,0.750516162096831,0.0750246204409623,0.0624705868019594,0.753397062135582,0.739297364372096,0.459698857791734,0.0338853059219867,0.0340385895099238,0.82423246333197,0.08193775347347,0.0985987874349502,0.508921053051332,0.815974238135741,0.0813370720476238,0.0956222172524643,0.511989364060803,0.706920725756482,0.0703927476507711,0.13254071697195,0.696904156988415,0.611908499575241,0.0767144359716082,0.106746772116482,0.733578706992515
"79",0,0,0,0,0,0,0,0,0,0,0,0,0,0,0,0,0,0,0,0,0,0,0,0,0.750202239706645,0.374935987907812,0.0500282373158213,0.778967988115697,0.814413845811682,0.428572471935971,0.28851554467842,0.0247757742847187,0.4333616334129,0.379749910471279,0.125009052343001,1.04265125453663,0.42966243606579,0.381456726699216,0.125043740310412,1.02891652017345,0.592700443204073,0.437242674309645,0.0910265549991716,1.08236927432565,1.0242075354099,0.455452695836347,0.0800541357030221,0.832813965331298
"80",0,0,0,0,0,0,0,0,0,0,0,0,0,0,0,0,0,0,0,0,0,0,0,0,0.0441675905461693,0.187639821099766,0.068243932981113,0.732088423781293,0.693160918078479,0.0295275264169046,0.0736518949622259,0.0468547172734921,0.0258671251996035,0.184830380407975,0.0738391442294166,0.70647915746708,0.025236233575443,0.186973256933536,0.073382884727568,0.697719051702538,0.0403442721300202,0.30821574472172,0.0709717889006496,0.839660869397938,0.0477640296510703,0.337438653209539,0.0747021448750201,0.751614172411105
"81",0,0,0,0,0,0,0,0,0,0,0,0,0,0,0,0,0,0,0,0,0,0,0,0,0.0469361458416917,0.150102967410771,0.0416857761800213,0.739657980456026,0.752456788799751,0.0292077784052398,0.100597867008114,0.0316630981950961,0.0618279798819529,0.191747604423536,0.0375578332356548,0.733258744973712,0.0632944259131891,0.193169047157171,0.0369185549795725,0.725213823018483,0.0086184046263527,0.163690742255089,0.0238752948951074,0.81673042972042,0.0308695285419737,0.1128141952107,0.0311679428661479,0.738107034475772
"82",0,0,0,0,0,0,0,0,0,0,0,0,0,0,0,0,0,0,0,0,0,0,0,0,0.125042605473584,0.0499937018331796,0.249983491604047,0.756178627990331,0.73405786673986,0.0523891145602317,0.0266249694499932,0.128480903710122,0.114263404136067,0.0433508236793387,0.671994313866286,0.616980597554118,0.117240595758616,0.0420350760997582,0.671672576219429,0.630780171560596,0.0542415284995863,0.03564769874117,0.425042461084722,0.816856875785995,0.0751143335241799,0.0483986065446657,0.389035034036408,0.744967876580421
"83",0,0,0,0,0,0,0,0,0,0,0,0,0,0,0,0,0,0,0,0,0,0,0,0,0.15036074882919,0.10720206425074,0.12500198211323,0.768040988131383,0.788317720179329,0.118638457946592,0.0401857733061141,0.0892176868697864,0.152876719280813,0.210683745865038,0.112851309973163,0.903520153960181,0.157479348928002,0.209809651447531,0.113386010435557,0.899225098837552,0.188854420761932,0.194802378954578,0.108340467305094,0.897595897999564,0.158107346925927,0.202613653252801,0.118203501035587,0.800939437327715
"84",0,0,0,0,0,0,0,0,0,0,0,0,0,0,0,0,0,0,0,0,0,0,0,0,0.046868001281694,0.0418330884048774,0.0624933042466014,0.761007957559682,0.775773053477743,0.0313471017825509,0.0301269491782212,0.0503123859651509,0.0491569938076485,0.0682969318421709,0.0548726401699674,1.0141402089671,0.049323269978869,0.0670323139109828,0.0560741345754832,1.02887061761169,0.0979850738632116,0.0446225477582818,0.05578206656117,1.04921385026839,0.0703583828958278,0.048048022944338,0.0449274482354239,0.811434316326458
"85",0,0,0,0,0,0,0,0,0,0,0,0,0,0,0,0,0,0,0,0,0,0,0,0,0.0394951735130355,0.0625723555627988,0.0468405492720074,0.746941821800442,0.772292918547323,0.0245166423910182,0.0464450561860043,0.0252840027371604,0.0455398847184047,0.0393227305858793,0.0599619625999891,0.776391102867345,0.0442942761599332,0.0370113505355549,0.059049152498299,0.770139487934614,0.066445170249888,0.0642687042035426,0.0450469687165211,0.92986536687515,0.0839526215361129,0.0854154485440056,0.0328729348052796,0.812925175972341
"86",0,0,0,0,0,0,0,0,0,0,0,0,0,0,0,0,0,0,0,0,0,0,0,0,0.0625653927951677,0.749615375968326,0.0499572202703319,0.748586953553778,0.743877579322434,0.0323657109416871,0.49131317143862,0.0323249995919359,0.113484475935415,0.344488361277957,0.0155130150604112,0.604797455804483,0.114352166175223,0.349602062817977,0.0154816126482586,0.596033472433964,0.0758006757840888,0.442297499154731,0.0304966761615183,0.837183864940511,0.0982704681045744,0.395657628171666,0.0306097258334552,0.819585162566322
"87",0,0,0,0,0,0,0,0,0,0,0,0,0,0,0,0,0,0,0,0,0,0,0,0,0.150060808345311,0.250124408137519,0.124706781689018,0.758765254260321,0.844123483310827,0.0711101037114722,0.0818436939384306,0.0914009076558843,0.131866660425316,0.251755660083296,0.12094811494724,0.759115899745709,0.134777056605637,0.261623083710604,0.118082351010881,0.763749501679622,0.115585740546251,0.34125405360912,0.118698698827061,0.792012482387358,0.139828076632711,0.333430736261446,0.129765191192528,0.857951329602078
"88",0,0,0,0,0,0,0,0,0,0,0,0,0,0,0,0,0,0,0,0,0,0,0,0,0.0416512184608406,0.083293672846528,0.107166273218693,0.76448843310279,0.782794458440408,0.0319399675527473,0.0579384114964809,0.0816612977482777,0.0750602335758893,0.0959906306837765,0.107212022004979,0.921787792115931,0.0749635187652945,0.0946470692862868,0.105034809026104,0.916514859490334,0.0497016656806186,0.0982928622108377,0.144624924444627,0.900775688630973,0.0618684771781096,0.0904279708411551,0.177180940865909,0.811908049963117
"89",0,0,0,0,0,0,0,0,0,0,0,0,0,0,0,0,0,0,0,0,0,0,0,0,0.0624389842281431,0.749289925637477,0.375299902333274,0.748156836461126,0.727411867439189,0.0420454727128244,0.603170410458277,0.253325684356228,0.0649880467794488,0.748223129838218,0.335058008674218,0.737311003041278,0.06658046869837,0.751702448266478,0.327239264043937,0.7348373600302,0.0626065507836861,0.647496083811169,0.208741694277334,0.808193690298644,0.0520125497585261,0.569808227606259,0.259117035443301,0.699619812212058
"90",0,0,0,0,0,0,0,0,0,0,0,0,0,0,0,0,0,0,0,0,0,0,0,0,0.0680102459164746,0.0536958585162659,0.0499484110233599,0.759079131364646,0.790356077410328,0.0394857082686853,0.0365498808190122,0.03287358365428,0.0645714038543661,0.0714727259957781,0.0462517246808349,1.08497135268223,0.0638685511895118,0.072071990218595,0.0470468669611921,1.09278093020289,0.075209406839078,0.0675461769930933,0.0598860123221777,0.825442457070208,0.0835412416773675,0.0543864148027717,0.0568722376433366,0.828076577055325
"91",0,0,0,0,0,0,0,0,0,0,0,0,0,0,0,0,0,0,0,0,0,0,0,0,0.0578093350709584,0.107120817830067,0.124850799993573,0.748242862629625,0.73631646321208,0.0448141833968646,0.0768098225004789,0.100546493262905,0.0357962523705796,0.123504103251976,0.115156098768491,0.235035865980818,0.0354794199709805,0.12414548359016,0.114604284704838,0.234622428245819,0.0537775909409271,0.0978653663842574,0.136363295778218,0.622874176443487,0.0496881042990706,0.0906489199072698,0.116640077170811,0.710016094490219
"92",0,0,0,0,0,0,0,0,0,0,0,0,0,0,0,0,0,0,0,0,0,0,0,0,0.125087316699418,0.0536409594811493,0.0624765348164836,0.721394575563959,0.664945765918754,0.0800070819870598,0.0408150498328152,0.0374743284934414,0.221223356065023,0.0500653744085339,0.0666161156419584,0.708648099461413,0.221293066825821,0.0497700217811561,0.0654205171010346,0.688735228455199,0.119551752894969,0.0579290831771705,0.0824301691374164,0.687243094055965,0.186866033188813,0.0618712334775742,0.0690103665128242,0.660048790264962
"93",0,0,0,0,0,0,0,0,0,0,0,0,0,0,0,0,0,0,0,0,0,0,0,0,0.125191963837296,0.748341402066086,0.0935344903798407,0.721945481794506,0.730762528791453,0.0956952891264822,0.573880021833956,0.077478830706491,0.060286629713331,0.542311977687773,0.0771890961457401,0.564235252987663,0.057829691507944,0.548236639645168,0.0762247822712138,0.562175741244157,0.0595407626443725,0.68710584425513,0.107000212464549,0.835392383135497,0.0630190143588219,0.74571309986123,0.113861373925517,0.68009825021531
"94",0,0,0,0,0,0,0,0,0,0,0,0,0,0,0,0,0,0,0,0,0,0,0,0,0.124820935389367,0.0625737238947297,0.0937316370685359,0.763319903607199,0.791989073485639,0.0917440609896521,0.0284067346732528,0.0683570737321105,0.0717608301083488,0.0163875375242471,0.124404543150758,0.889744424456096,0.0726903518747767,0.0173105502982216,0.126899552329373,0.88469709128694,0.0912896256971153,0.0124735900047223,0.110800438917713,0.890285046294352,0.0745842419521885,0.0501816381961069,0.103000562493789,0.772595301234534
"95",0,0,0,0,0,0,0,0,0,0,0,0,0,0,0,0,0,0,0,0,0,0,0,0,0.750048492551235,0.0750514943517781,0.124930411278124,0.75770486935867,0.757198269616819,0.301594154944974,0.0480924982128015,0.0834081970596134,1.12544332103287,0.0353624075694203,0.155990831554925,0.583634885405332,1.12065503650904,0.0368700145016111,0.155144091230204,0.578430971626114,1.17438696646635,0.0636653391820291,0.108742757819711,0.782667829867515,0.664068538088543,0.047730460080271,0.128459234158245,0.779832812145867
"96",0,0,0,0,0,0,0,0,0,0,0,0,0,0,0,0,0,0,0,0,0,0,0,0,0.0375607974212994,0.0624289328958582,0.0535084250065974,0.739586410635155,0.710340543281682,0.0232499683995366,0.0503333026826997,0.0303729659084108,0.0416342701974924,0.0556057509259341,0.0185363075497829,0.898694613741133,0.0421558314451613,0.0546731838546885,0.0173307741452306,0.905949387729717,0.0374831699740559,0.0446581896596944,0.0262911736501119,0.677252749490425,0.0395329327088708,0.0454910938439695,0.0318327632108421,0.708577630767375
"97",0,0,0,0,0,0,0,0,0,0,0,0,0,0,0,0,0,0,0,0,0,0,0,0,0.0750042290847184,0.0375429651909104,0.0501121771971419,0.749334922130466,0.751629272776088,0.0277345476793961,0.017953315714665,0.0355016954752472,0.116590415425091,0.0345296824707086,0.0534681229764542,0.751885502311278,0.116945589375412,0.0352891530296282,0.05372567727645,0.767828663521788,0.0481029163223104,0.0230971355115011,0.0514357424363116,0.98167236596658,0.0291163156699318,0.0132071624183289,0.0430314902166334,0.847688434321603
"98",0,0,0,0,0,0,0,0,0,0,0,0,0,0,0,0,0,0,0,0,0,0,0,0,0.0534702980961567,0.083296928745437,0.0749338186307624,0.740291563275434,0.725631434865453,0.0318494619321697,0.0654072523622636,0.0527168726595448,0.0596970862595396,0.118247014370298,0.051465591979435,0.450503549114761,0.0591021492093021,0.117000716425332,0.0512143197296337,0.457670442402811,0.0354097143301367,0.0829184923426842,0.0501551996705967,0.642083987869612,0.0357251218518275,0.084634903069522,0.0682062136324432,0.734871585847725
"99",0,0,0,0,0,0,0,0,0,0,0,0,0,0,0,0,0,0,0,0,0,0,0,0,0.0416868298209702,0.107411840387879,0.0624635507300307,0.763111967020732,0.782036521051135,0.0255866950293179,0.0840351449320727,0.0250696514809841,0.0717625783493158,0.161982355897783,0.0275852873028332,0.926948922794109,0.0719648961465631,0.162153723203519,0.0265982420506303,0.925939103276618,0.0447895043110801,0.0862287213337603,0.0253264169842024,0.851117395541916,0.048271125885702,0.0942228235914026,0.0240537766490537,0.840584275362765
"100",0,0,0,0,0,0,0,0,0,0,0,0,0,0,0,0,0,0,0,0,0,0,0,0,0.150085341592394,0.0835861579419148,0.0441023998609414,0.728843193027322,0.697612432113207,0.0672025451170045,0.0600623401720964,0.0286875247060595,0.324428640171151,0.0963233990624631,0.0412612720496273,0.738548734495377,0.317301387977835,0.095069991944292,0.0421867057306379,0.736271220893292,0.415948237415327,0.0979166021950869,0.0444274608068445,0.981158667516253,0.423518550595878,0.0831294333812485,0.0430154703209706,0.82743891208518
